url,source,status
https://rcbooks.com/product/10-sapfirov,auto,active
https://rcbooks.com/product/1000-sapfirov,auto,active
https://rcbooks.com/product/200-sapfirov,auto,active
https://rcbooks.com/product/2500-sapfirov,auto,active
https://rcbooks.com/product/75-sapfirov,auto,active
https://rcbooks.com/product/arkanum-sleduya-za-belym-krolikom-audio,auto,active
https://rcbooks.com/product/arkanum-v-pogone-za-belym-krolikom-epub,auto,active
https://rcbooks.com/product/conquering-versailles-laughter-of-birds-text,auto,active
https://rcbooks.com/product/czvetok-iz-ognya-tiamat-pod-zvezdnoj-tenyu-irkally-audio,auto,active
https://rcbooks.com/product/czvetok-iz-ognya-tiamat-pod-zvezdnoj-tenyu-irkally-gl-1-3,auto,active
https://rcbooks.com/product/dracula-istoriya-lubvi-put-otvagi-audio-gl-1,auto,active
https://rcbooks.com/product/dracula-istoriya-lubvi-put-otvagi-epub,auto,active
https://rcbooks.com/product/drakula-istoriya-lyubvi-my-lord,auto,active
https://rcbooks.com/product/drakula-istoriya-lyubvi-put-otvagi-audio-gl-1-4,auto,active
https://rcbooks.com/product/fftf-official-audiobook,auto,active
https://rcbooks.com/product/fftf_official,auto,active
https://rcbooks.com/product/kali-zov-tmy-dyuzhina-audio,auto,active
https://rcbooks.com/product/kali-zov-tmy-dyuzhina-gl-1-18-iz-18,auto,active
https://rcbooks.com/product/kali-zov-tmy-kogda-mertvye-govoryat,auto,active
https://rcbooks.com/product/kali-zov-tmy-krug-krovi-audio,auto,active
https://rcbooks.com/product/kali-zov-tmy-krug-krovi-epub,auto,active
https://rcbooks.com/product/kali-zov-tmy-prokljatye-gl-1-iz-10,auto,active
https://rcbooks.com/product/kali-zov-tmy-proklyatye,auto,active
https://rcbooks.com/product/kali-zov-tmy-proklyatye-full-text,auto,active
https://rcbooks.com/product/kali-zov-tmy-proklyatye-gl-1-10,auto,active
https://rcbooks.com/product/krovavyj-tron,auto,active
https://rcbooks.com/product/legenda-ivy-son-i-sol-audio,auto,active
https://rcbooks.com/product/legenda-ivy-son-i-sol-gl-1-2,auto,active
https://rcbooks.com/product/legenda-ivy-teplo-tvoei-dushi-1-2,auto,active
https://rcbooks.com/product/legenda-ivy-teplo-tvoej-dushi-epub,auto,active
https://rcbooks.com/product/lisya-busina-text,auto,active
https://rcbooks.com/product/pesn-o-krasnom-nile-pod-tenju-zmeya,auto,active
https://rcbooks.com/product/pesn-o-krasnom-nile-zabytye-kniga-1-zov-proshlogo,auto,active
https://rcbooks.com/product/pesn-o-krasnom-nile-zabytye-kniga-1-zov-proshlogo-audio,auto,active
https://rcbooks.com/product/pesn-o-krasnom-nile-zabytye-kniga-2-echo-buduchego-audio,auto,active
https://rcbooks.com/product/pesn-o-krasnom-nile-zabytye-kniga-2-echo-buduschego,auto,active
https://rcbooks.com/product/psi-postskriptum-audiobook,auto,active
https://rcbooks.com/product/psy-ps-chapters-1-12,auto,active
https://rcbooks.com/product/razbitoe-serdce-astrei-ocharovanie-tmy,auto,active
https://rcbooks.com/product/razbitoe-serdce-astrei-ocharovanie-tmy-audio,auto,active
https://rcbooks.com/product/razbitoe-serdcze-astrei-lechebnica,auto,active
https://rcbooks.com/product/razbitoe-serdcze-astrei-lechebnicza-audio,auto,active
https://rcbooks.com/product/sekret-nebes-desyaty-krug-audio,auto,active
https://rcbooks.com/product/sekret-nebes-desyatyj-krug-audio-kniga-2,auto,active
https://rcbooks.com/product/sekret-nebes-kolledzh,auto,active
https://rcbooks.com/product/sekret-nebes-kolledzh-full-text,auto,active
https://rcbooks.com/product/sekret-nebes-kolledzh-kniga-1-gl-4-18,auto,active
https://rcbooks.com/product/sekret-nebes-kolledzh-kniga-2,auto,active
https://rcbooks.com/product/sekret-nebes-krov-neon,auto,active
https://rcbooks.com/product/sekret-nebes-otkrovenie-audio,auto,active
https://rcbooks.com/product/sekret-nebes-otkrovenie-gl-1-21,auto,active
https://rcbooks.com/product/sekret-nebes-rekviem-okovy-i-tsepi-audio,auto,active
https://rcbooks.com/product/sekret-nebes-requiem-okovy-i-tsepi,auto,active
https://rcbooks.com/product/sekret-nebes-shadows-between-us,auto,active
https://rcbooks.com/product/sekret-nebes-yabloko-razdora,auto,active
https://rcbooks.com/product/sekret-nebes-yabloko-razdora-audio,auto,active
https://rcbooks.com/product/teni-sentfora-cherniy-moroznik,auto,active
https://rcbooks.com/product/teni-sentfora-prokljatie-pervogo,auto,active
https://rcbooks.com/product/teni-sentfora-proklyatie-pervogo-text,auto,active
https://rcbooks.com/product/teodora-horoshij-soldat-audio-vol-2,auto,active
https://rcbooks.com/product/teodora-horoshij-soldat-gl-1-2,auto,active
https://rcbooks.com/product/teodora-horoshiy-soldat-gl-1-15,auto,active
https://rcbooks.com/product/teodora-poslednee-vospominanie-o-tebe,auto,active
https://rcbooks.com/product/teodora-poslednee-vospominanie-o-tebe-audio,auto,active
https://rcbooks.com/product/ya-ohochus-na-tebya-svyazannye-sudboj-audio,auto,active
https://rcbooks.com/product/ya-ohochus-na-tebya-svyazannye-sudboy-1-2-iz-21,auto,active
